ID,ST_ABBREV,CNTY_FIPS,ACSTOTPOP,P_PM25,P_OZONE,P_DSLPM,P_PTRAF,P_MINORTY,P_LWINCPCT,P_LNGISO,P_D2_PM25,P_D5_PM25
44000000022,RI,44007,3433,90.46242061731418,38.5766985807245,34.70795643011195,29.314009986622963,82.34661707893284,56.6289043639782,57.6954905295156,59.388675561141426,51.39242868427625
44000000043,RI,44003,5658,81.15960713411256,23.25389433957576,40.17521693826184,43.74010621416035,87.62544696730006,36.5549100648376,59.64054187330855,58.58710254799103,85.94459041365727
