ST_ABBREV,P_PM25,P_PM25,P_PM25,P_PM25,P_OZONE,P_OZONE,P_OZONE,P_OZONE,P_MINORTY,P_MINORTY,P_MINORTY,P_MINORTY,P_LWINCPCT,P_LWINCPCT,P_LWINCPCT,P_LWINCPCT,P_D2_PM25,P_D2_PM25,P_D2_PM25,P_D2_PM25
,mean,median,min,max,mean,median,min,max,mean,median,min,max,mean,median,min,max,mean,median,min,max
CA,62.5727027176237,63.525954954361055,30.17646165808797,97.06547571894345,67.83309378772425,69.60454066135358,35.16265396485978,94.8615569554306,58.50757842464195,60.617282314399745,20.018526838919,97.94957296613512,59.002770476086695,59.44068495482921,18.08624858396843,94.71785473711778,67.33835792613608,70.24577503783004,33.21226403807564,97.48079887848438
RI,56.16993924310619,55.074852644407684,20.414158784270175,94.0165202450388,52.44761030749883,53.22442476533507,15.521409789839304,84.72732392569299,60.852228826377285,65.05603963410965,11.313812404953731,94.15457725886236,50.29087310029704,52.80308710769573,16.952007242990227,90.14061011861516,63.3423125116623,66.48808719141729,22.80198620954208,95.29738050804984
